<?xml version="1.0" encoding="utf-8"?>
<demos>

<name>INTLAB - INTerval LABoratory</name>
<type>toolbox</type>
<icon>$toolbox/matlab/icons/matlabicon.gif</icon>
<description>
    <p>INTLAB is the Matlab/Octave toolbox for Reliable Computing.</p>
</description>
<website>
<a href="http://www.ti3.tuhh.de">
For more information, see my homepage.</a></website>

<demosection>
   <label>Examples</label>
   <demoitem>
       <label>A general demo of some features of INTLAB</label>
     <type>M-file</type>
     <source>dintlab</source>
   </demoitem>

   <demoitem>
     <label>Details about interval arithmetic in INTLAB</label>
     <type>M-file</type>
     <source>darithmetic</source>
   </demoitem>

   <demoitem>
     <label>Some examples of interval computations</label>
     <type>M-file</type>
     <source>dintval</source>
   </demoitem>

   <demoitem>
       <label>Solving larger problems with INTLAB</label>
     <type>M-file</type>
     <source>dintlab_larger</source>
   </demoitem>

   <demoitem>
     <label>Accurate real and complex interval standard functions in INTLAB</label>
     <type>M-file</type>
     <source>dstdfcts</source>
   </demoitem>

   <demoitem>
       <label>ODEs: The AWA toolbox</label>
     <type>M-file</type>
     <source>dawa</source>
   </demoitem>

   <demoitem>
       <label>ODEs: The Taylor model toolbox</label>
     <type>M-file</type>
     <source>dtaylormodel</source>
   </demoitem>

   <demoitem>
       <label>Global (un-)constrained optimization and all roots of nonlinear functions</label>
     <type>M-file</type>
     <source>dglobal</source>
   </demoitem>

   <demoitem>
     <label>The polynomial toolbox (univariate and multivariate polynomials</label>
     <type>M-file</type>
     <source>dpolynom</source>
   </demoitem>

   <demoitem>
     <label>Gradients: automatic differentiation of multivariate functions</label>
     <type>M-file</type>
     <source>dgradient</source>
   </demoitem>

   <demoitem>
     <label>Hessians: automatic differentiation with second derivative</label>
     <type>M-file</type>
     <source>dhessian</source>
   </demoitem>

   <demoitem>
     <label>Taylor series: automatic Taylor coefficients</label>
     <type>M-file</type>
     <source>dtaylor</source>
   </demoitem>

   <demoitem>
       <label>Affine interval arithmetic</label>
       <type>M-file</type>
       <source>daffari</source>
   </demoitem>

   <demoitem>
     <label>Slopes: automatic slope generation</label>
     <type>M-file</type>
     <source>dslope</source>
   </demoitem>

   <demoitem>
     <label>Utility routines</label>
     <type>M-file</type>
     <source>dutility</source>
   </demoitem>

   <demoitem>
       <label>fl-numbers: k-bit point and interval arithmetic</label>
       <type>M-file</type>
       <source>dfl</source>
   </demoitem>

   <demoitem>
       <label>gfp-numbers: a Galois field GF[p] arithmetic</label>
       <type>M-file</type>
       <source>dgfp</source>
   </demoitem>

   <demoitem>
     <label>Long numbers: a non-optimal multiple precision package</label>
     <type>M-file</type>
     <source>dlong</source>
   </demoitem>

   <demoitem>
     <label>Accurate summation and dot products</label>
     <type>M-file</type>
     <source>daccsumdot</source>
   </demoitem>
</demosection>
</demos>
