<?xml version='1.0' encoding="utf-8"?>

<toc version="2.0">
<!-- First tocitem specifies top level in Help browser Contents pane -->
<!-- This can be a roadmap page, as shown below, or a content page -->
    <tocitem target="html/index.html">INTLAB - INTerval LABoratory
        <!-- Nest tocitems to create hierarchical entries in  Contents-->
        <!-- To include icons, use the following syntax for tocitems: -->
        <!-- <tocitem target="foo.html" image="HelpIcon.NAME"> -->
        <!-- Title-of-Section </tocitem> -->
        <!-- where NAME is one of the following (use capital letters): -->
        <!-- FUNCTION, USER_GUIDE, EXAMPLES, BLOCK, GETTING_STARTED, -->
        <!-- DEMOS, RELEASE_NOTES -->
        <!-- Icon images used for these entries are also stored in -->
        <!-- matlabroot/toolbox/matlab/icons -->
        <!-- Optional List of Examples, with hyperlinks to examples in other files -->
        <tocitem target="html/dintlab.html"
                 image="HelpIcon.HelpIcon.EXAMPLES">A general demo of some features of INTLAB
        </tocitem>
        <tocitem target="html/darithmetic.html"
                 image="HelpIcon.HelpIcon.EXAMPLES">Details about interval arithmetic in INTLAB
        </tocitem>
        <tocitem target="html/dintval.html"
                 image="HelpIcon.HelpIcon.EXAMPLES">Some examples of interval computations
        </tocitem>
        <tocitem target="html/dintlab_larger.html"
                 image="HelpIcon.HelpIcon.EXAMPLES">Solving larger problems with INTLAB
        </tocitem>
        <tocitem target="html/dstdfcts.html"
                 image="HelpIcon.HelpIcon.EXAMPLES">Accurate real and complex interval standard functions in INTLAB
        </tocitem>
        <tocitem target="html/dawa.html"
                 image="HelpIcon.HelpIcon.EXAMPLES">ODEs: The AWA toolbox
        </tocitem>
        <tocitem target="html/dtaylormodel.html"
                 image="HelpIcon.HelpIcon.EXAMPLES">ODEs: The Taylor model toolbox
        </tocitem>
        <tocitem target="html/dglobal.html"
                 image="HelpIcon.HelpIcon.EXAMPLES">Global (un-)constrained optimization and all roots of nonlinear functions
        </tocitem>
        <tocitem target="html/dpolynom.html"
                 image="HelpIcon.HelpIcon.EXAMPLES">The polynomial toolbox (univariate and multivariate polynomials
        </tocitem>
        <tocitem target="html/dgradient.html"
                 image="HelpIcon.HelpIcon.EXAMPLES">Gradients: automatic differentiation of multivariate functions
        </tocitem>
        <tocitem target="html/dhessian.html"
                 image="HelpIcon.HelpIcon.EXAMPLES">Hessians: automatic differentiation with second derivative
        </tocitem>
        <tocitem target="html/dtaylor.html"
                 image="HelpIcon.HelpIcon.EXAMPLES">Taylor series: automatic Taylor coefficients
        </tocitem>
        <tocitem target="html/daffari.html"
                 image="HelpIcon.HelpIcon.EXAMPLES">Affine interval arithmetic
        </tocitem>
        <tocitem target="html/dslope.html"
                 image="HelpIcon.HelpIcon.EXAMPLES">Slopes: automatic slope generation
        </tocitem>
        <tocitem target="html/dutility.html"
                 image="HelpIcon.HelpIcon.EXAMPLES">Utility routines
        </tocitem>
        <tocitem target="html/dfl.html"
                 image="HelpIcon.HelpIcon.EXAMPLES">fl-numbers: k-bit point and interval arithmetic
        </tocitem>
        <tocitem target="html/dgfp.html"
                 image="HelpIcon.HelpIcon.EXAMPLES">gfp-numbers: a Galois field GF[p] arithmetic
        </tocitem>
        <tocitem target="html/dlong.html"
                 image="HelpIcon.HelpIcon.EXAMPLES">Long numbers: a non-optimal multiple precision package
        </tocitem>
        <tocitem target="html/daccsumdot.html"
                 image="HelpIcon.HelpIcon.EXAMPLES">Accurate summation and dot products
        </tocitem>
        <!-- Optional link or links to your or other Web sites -->
        <tocitem target="http://www.ti3.tuhh.de/rump/intlab/"
                 image="$toolbox/matlab/icons/webicon.gif">
        INTLAB Homepage
        </tocitem>
    </tocitem>
</toc>
